1,7567d83b7b8d80addcb281a71d54fc7b3364ffed,dce1443bd2ef0c2631adc1c67e5c93f13dc23a41c18b536effbbdcbcdb96fb65
2,d3ae78222beadb038203be21ed5ce7c9b1bff602,321d6443bc6177273b5abf54210fe806d451d6b7973bccc2384ef78bbcd0bf51
3,733b7269443c70de16bbf9b0615307884bcc5636,2d7c882bad2a01105e36dda3646693bc1aaaa45b0ed63fb0ce23c060294f3af2
4,115eabb4f62973d0dba138ab7df5c0375ec87256,593537225b037191d322c3b1df585fb1e5100811b71a6f7fc7e29cca1333483e
5,199b836d8a57365baccd4f371c1fabb7be77d389,ca7b25fc980c759df5f3ce17a3d881d6e19a38e651fc4315fc08917edab41058
6,5e4efedf3d71232340280d8bc475421352994b63,88d2d80b12b92feaa0da6d62309463d20408157723f2d7e799b6a74ead9a673b
7,29f72dc07224a4c6270407bfd6b8fec559d29f6c,fbb9e7ba5fe9969a71c6599052237b91adeb1e5fc0c96727b66e56ff5d02f9d0
8,47109a193c49862c89bd76fe2de3585743dd2bb0,547fb081e73dc2e22b4aae5c60e2970b008ac4fc3073aebc27d41ace9c4f53e9
9,a5e255d4c65af201b97210ff4cd9521a46427654,c8c53657e41a8d669349fc287f57457bd746cb1fcfc38cf94d235deb2cfca81b
10,0489a3fff1930b85f1d73eff8a4699281aadb558,87e0eba9c86c494d98353800571089f316740b0cb84c9a7cdf2fe5c9997c7966
